{
    "pass@1": 0.050000000000000044,
    "pass@10": 0.5,
    "detail": {
        "pass@1": {
            "4": 0.050000000000000044
        },
        "pass@10": {
            "4": 0.5
        }
    }
}